entity-ID,clusters_id
r0srju,cluster_2
431kz1,cluster_1
xi0aej,cluster_0
u65736,cluster_0
sozm8t,cluster_1
09ey1n,cluster_0
6n456m,cluster_2
4hutyt,cluster_1
kvxujq,cluster_0
zv68br,cluster_1
mtigwr,cluster_1
e3gpc3,cluster_2
o637cl,cluster_1
t9agez,cluster_2
jk8lbd,cluster_2
ac5sr7,cluster_1
q4ah74,cluster_1
kfl36r,cluster_1
r3zr1u,cluster_1
et6r37,cluster_1
r6nxpl,cluster_1
apepur,cluster_0
istkca,cluster_1
pwl2l8,cluster_1
l4s4zf,cluster_0
t67n6u,cluster_2
mt6vm5,cluster_0
p5ewis,cluster_2
m1o7gm,cluster_1
oaqw82,cluster_2
52a1bv,cluster_2
z9cqob,cluster_2
fmmv13,cluster_2
d7utst,cluster_1
uf2jru,cluster_1
ldlql5,cluster_2
4p1wm6,cluster_0
u14mox,cluster_0
k0k17m,cluster_1
rs5xyx,cluster_2
oonz35,cluster_1
fi0t5v,cluster_0
n4mka4,cluster_1
8xfiqk,cluster_1
x87wkc,cluster_0
n415pz,cluster_2
jdcxvz,cluster_2
11z1wl,cluster_2
iqwa22,cluster_1
bul981,cluster_2
0msdqp,cluster_1
eyvn8r,cluster_2
zj2mdb,cluster_1
4xfvpb,cluster_1
d57nn3,cluster_1
7z4zzq,cluster_1
a3kveh,cluster_2
6c3pas,cluster_1
qlggwo,cluster_0
u8rp2r,cluster_2
nle04f,cluster_0
ggsk40,cluster_1
rvxn3j,cluster_1
bf28z5,cluster_1
qqup1e,cluster_1
enk0zg,cluster_0
8eii6v,cluster_0
d4p9zi,cluster_1
9wm6jn,cluster_1
eqv3ow,cluster_0
x7d6sl,cluster_1
l3rnyp,cluster_1
8ef3fk,cluster_1
8mx74f,cluster_1
ueb1aq,cluster_1
ldtxrt,cluster_2
lpmjtm,cluster_1
zvowjx,cluster_1
niafva,cluster_1
r5dbcf,cluster_2
ndcl7m,cluster_2
u11t9k,cluster_1
vqhgpr,cluster_0
s95u5e,cluster_0
c7vuk5,cluster_1
nfqjq7,cluster_2
p1l2o9,cluster_1
q1hdp8,cluster_2
0jy2x0,cluster_2
ap3d87,cluster_2
4rszbo,cluster_1
3104j6,cluster_1
s70gjk,cluster_1
jlzu80,cluster_1
5fywjn,cluster_0
4p3e6e,cluster_2
ia6ew2,cluster_1
5siybx,cluster_1
4y18vf,cluster_1
cada59,cluster_1
zscfz0,cluster_2
9vtwzy,cluster_1
o7iat6,cluster_1
9shta1,cluster_1
a0icbg,cluster_1
7v9z5i,cluster_0
rp2qof,cluster_2
kcihhq,cluster_0
c397l4,cluster_1
2e25rv,cluster_1
2szhp9,cluster_2
1xtbt3,cluster_0
tubdv9,cluster_2
37nsjk,cluster_2
i5a4rb,cluster_1
dex47r,cluster_2
tqcv33,cluster_1
co8cfw,cluster_2
x3cz2h,cluster_0
b3zdi0,cluster_1
a3lg4e,cluster_2
jvz69o,cluster_2
udgszd,cluster_2
0se3oh,cluster_1
2l4a3q,cluster_1
f5wcxd,cluster_0
h98sw2,cluster_1
jrzqgp,cluster_1
e9r86z,cluster_2
zwlxct,cluster_1
r7bpy8,cluster_2
i7jm5o,cluster_0
oxq31e,cluster_0
tczzfv,cluster_1
vjb7qf,cluster_1
wil3t8,cluster_0
xql5ex,cluster_1
r5xlro,cluster_0
pxr0t2,cluster_1
iq1g4d,cluster_0
yacde1,cluster_1
xt2trn,cluster_2
cc3orn,cluster_1
ctqfsh,cluster_0
pnxi3u,cluster_1
b6qdr5,cluster_2
8w4xac,cluster_1
qi0spe,cluster_0
